name,weight,value,contribution
unmet_window,0.033333,0,0.000000
unmet_demand,0.016667,0,0.000000
unmet_skill,0.013333,0,0.000000
unmet_shift,0.010000,0,0.000000
overstaff,0.002500,0,0.000000
overtime,0.005000,30789720077423722388,153948600387118624.000000
preferences,0.005500,0,34.320000
fairness,0.000833,0,41210130724641784.000000
TOTAL,0.000000,0.0,195158731111760448.000000
