name,weight,value,contribution
unmet_window,0.033333,0.000000,0.000000
unmet_demand,0.016667,44700.000000,745.000000
unmet_skill,0.013333,0.000000,0.000000
external_use,0.011667,33840.000000,394.800000
overstaff,0.002500,2400.000000,6.000000
overtime,0.005000,0.000000,0.000000
preferences,0.005500,0.000000,0.000000
fairness,0.000833,0.000000,0.000000
TOTAL,0.000000,0.000000,1145.800000
