name,weight,value,contribution
unmet_window,0.033333,6292083.000000,209736.100000
unmet_demand,0.016667,0.000000,0.000000
unmet_skill,0.013333,0.000000,0.000000
unmet_shift,0.010000,0.000000,0.000000
overstaff,0.002500,13440.000000,33.600000
overtime,0.005000,1440.000000,7.200000
preferences,0.005500,0.000000,0.000000
fairness,0.000833,0.000000,1.330000
TOTAL,0.000000,0.000000,209778.230000
