name,weight,value,contribution
unmet_window,0.033333,88497000.000000,2949900.000000
unmet_demand,0.016667,0.000000,0.000000
unmet_skill,0.013333,0.000000,0.000000
external_use,0.011667,53040.000000,618.800000
overstaff,0.002500,0.000000,0.000000
overtime,0.005000,2520.000000,12.600000
preferences,0.005500,0.000000,0.000000
fairness,0.000833,0.000000,0.833333
TOTAL,0.000000,0.000000,2950532.233333
